surf_004_fix,3,MonkeyWithAGun
surf_1234,2,Laxen
surf_1dang,2,Who?
surf_1day,3,Collaboration
surf_1try,3,Jnnhfelix
surf_2012_beta12,3,Collaboration
surf_25_lighters,5,Big Blue
surf_29palms,3,SkariZ^
surf_2pacisalive,2,Umg_
surf_3,3,Umg_
surf_4dimensional,4,Streebree
surf_4head_csgo,2,sjom7e
surf_4steps,3,Kaneejn
surf_6,3,Essence
surf_666,6,Collaboration
surf_81st_network_njv,3,Ryan Sterner 
surf_8bit,2,TaiiKii
surf_a,3,Umg_
surf_aaaa_reloaded,3,silverlol
surf_aatsika,3,MOKKAMASTER
surf_abstinens,3,Umg_
surf_abstract_final,3,a-ha!
surf_abyss_fix,4,Ninjaplz
surf_acedia,5,Seynethic
surf_acerbus,6,RazerSurf
surf_acp_fix,3,Panzer
surf_activation,2,iNooVa & biji
surf_adrs,2,mr.aNa
surf_adtr_njv,3,Ch!llers
surf_advanced,3,b0at
surf_adventure_easy,4,Gorange Ninja
surf_adventure_final,4,Gorange Ninja
surf_aeron,2,Ins
surf_aether_csgo,2,Scaz.zaf
surf_again_njv,5,Ch1!!3r
surf_ag_texture_final,2,SmOoth
surf_aircontrol_dark,2,N/A
surf_aircontrol_ksf,1,SnoopSh
surf_airflow,4,Enjooi
surf_akai_f1n4l,2,akai
surf_akai_final_fix,1,akai
surf_alend,4,Ranth
surf_alpha,6,Gorange Ninja
surf_alpine,1,N/A
surf_alternation,3,Ownd & Skyppy
surf_amantiss_csgo,4,Mallow
surf_amaranthine,2,Kuiq
surf_amaro_fix,6,Flaudgin
surf_amateur_v2b,3,Collaboration
surf_ambient_fixed,4,Pimp Juice & Razer
surf_ameliorate,1,granis
surf_amir,2,Koga73
surf_amplitude_encore,3,Buck Nasty
surf_amplitude_encore_nsf_v4,3,Buck Nasty
surf_amplitude_light,2,Buck Nasty
surf_android,5,Xtra_Festive
surf_andromeda,1,Syncronyze
surf_and_destroy_fix,1,ZaLoS
surf_angst_go,4,Proxychains
surf_animals,3,Collaboration
surf_animekoreanclgpeople,2,I_ken
surf_annoyance_njv,2,svbg869
surf_anoname,5,N/A
surf_anonymity,2,Hiphopopotomus
surf_anthropomorphic,4,Furchee
surf_antimatter,4,Horsefeathers
surf_antimatter_v2,5,Horsefeathers
surf_antivero,2,Alice
surf_anubis,7,Sneakyyy
surf_anything,3,Phurix
surf_anzchamps,2,Hardex
surf_ape3,2,N/A
surf_aphelion,5,Housegamer
surf_apollonian,4,Collaboration
surf_apollo,1,ApeXe
surf_aquaflow,2,NvC_DmN_CH
surf_aqua_fix,2,xRyanNitro
surf_arcade,2,maz
surf_ardon_fix,2,FPS God
surf_arghmyeyes,4,t3tra
surf_arghmyeyes_retexture,4,t3tra
surf_artifex,4,Billy
surf_aser,1,TruMatrix
surf_ashpalt,1,N/A
surf_aspiration,5,Cthulu
surf_asrown,3,Escencia
surf_astray,1,comrade teammate
surf_ataque_final,4,"Junior, G-Flow, Ryan_S"
surf_atlantis,4,Gorange Ninja
surf_atlas_1,2,Val
surf_atrium,2,ArcticPanda
surf_at_the_limit_fixed,3,Gladeare
surf_aura,1,ApeXe
surf_aurantia-grisea,2,ChiChiN
surf_auroia_njv,3,Escencia
surf_auroria2,4,Escencia
surf_autism,1,Titty Sprinkles
surf_autism_2,1,Titty Sprinkles
surf_aux,5,twistedVoid
surf_awakening,4,Skyppy
surf_aweles,1,Mazzo
surf_aweles_inferno_fix,2,Koga73
surf_ax,4,N/A
surf_axil,4,Klemix
surf_axiom2,3,krealington
surf_axiom_fix,3,iNooVa
surf_a_lot,2,Gladeare
surf_a_tier_one_map,1,N/A
surf_a_xblah_reborn,3,Xblah
surf_bacalhau,2,Mastardy-1511 & ImHarker
surf_bageena,1,Moonbearthegreat
surf_banger,3,not_a_zombie & Joey
surf_basalt,1,Veggissss
surf_basic,1,N/A
surf_bbb,3,Aux
surf_before,5,Hardex
surf_beginner,1,Kiiru
surf_beginner2,2,Kiiru
surf_beginner_h,2,N/A
surf_beginner_hell_ksf,4,dotone
surf_beginner_lin,1,Frumpy7
surf_beginner_ug,1,N/A
surf_believe_refix,2,OO SII
surf_benevolent,2,Syncronyze
surf_bepis,1,N/A
surf_beverages,3,Sid
surf_beverages_remix_go,2,Sid
surf_bewatermyfriend,1,N/A
surf_beyer,4,Juxtapo
surf_beyer2,4,Juxtapo
surf_beyond,1,granis & bro
surf_be_gentle,4,Krealington
surf_bigred_thing,2,Gibbay
surf_biohazards,2,Kinder
surf_blackandgold,1,Rated
surf_blackheart,7,otter
surf_blackout_v1,3,God Damnit Nappa
surf_blackside_njv,4,Pupsik
surf_bland,4,blandon
surf_blub_njv,5,Chayma
surf_blue,2,blueiv
surf_bluesky_beta,2,Gorange_Ninja
surf_bluewall,2,Biji
surf_bluewinter_final,4,iamsupaman
surf_blurry_fix,2,N/A
surf_blyad,1, Nimbus
surf_boatastic,3,Pattermayn
surf_bob,3,ptad
surf_boboken,3,Storzenbecher
surf_bombix_v2,2,boomix
surf_boneless_beta,1,N/A
surf_boner,2,BonerForest
surf_bonk,4,N/A
surf_bonkers_v2,2,The Frying Dutch Pan
surf_bonus,5,Gorange_Ninja
surf_borderlands,1,Wall-E
surf_borderlands_h,3,wiuuuh
surf_boreas,1,Syncronyze
surf_boring,2,Collaboration
surf_bork_nbv,3,Rambjoe & Kiiru
surf_botisses,2,Schranz
surf_boy_fixed,1,SkariZ
surf_braininvasion,2,Kiiru & OwndD
surf_brake1000,2,N/A
surf_bricks,2,Rock
surf_brickwood,3,ciaHo
surf_broken,3,b0at
surf_brutalist,5,Hardex
surf_brutalist_ez,3,Hardex
surf_buffer,1,Buffer
surf_bullet_csgo,6,Collaboration
surf_bumpybusride,3,Hardex
surf_burga_alpha1,1,meso420
surf_b_r_o_x_x_x,3,AmstaFF & Spider
surf_caca,3,Swaaaaag
surf_caesart,2,N/A
surf_caged,4,HammY
surf_calamity2,4,SacRed
surf_calamity_njv,3,SacRed
surf_calibration,4,SacRed
surf_calycate2,1,ArcticPanda
surf_calycate_ksf,1,ArcticPanda
surf_calzone,1,"sh_bro, Krealington, mr.25"
surf_cancer,2,James
surf_candyland,3,JohnnyBoy
surf_canisius2,3,Billy
surf_canisius2_fix,3,Billy
surf_cannonball,4,EICHHOERNCHEN
surf_carnage,1,Googee
surf_cartoon,3,Gorange-Ninja
surf_casbah_fix,2,Comrade Teammate
surf_castlewalls,5,Gorange-Ninja
surf_castle_final,2,N/A
surf_cat,3,N/A
surf_catalyst,3,Copy-Mark
surf_catalyst2,3,Razer & Billy
surf_cave,2,Oatneil
surf_cavemissile_fix,2,EICHHOERNCHEN
surf_cawsmic,2,N/A
surf_celestial,5,Sunday
surf_cement,4,N/A
surf_chaos_refix,2,LEO
surf_chasm_go,4,SID
surf_chateau_fix,4,Hesuka
surf_chill,1,Dimitri
surf_christmas2_fix,4,Collaboration
surf_christmas_fix,3,Collaboration
surf_cinnamon_fix,5,wayne3288
surf_citadelcbackup,2,09420669
surf_classics,2,Panzer
surf_classics2,2,Panzer
surf_classics3,2,Collaboration
surf_clavius,5,Horsefeathers
surf_clockwork,3,Helix
surf_clujreek,3,SkariZ^
surf_coblazt,1,N/A
surf_collaboration,4,Grueddi & Chuck Norris
surf_collection_njv,4,Pand3mic & Baxter
surf_colmixv2_aqr,3,Aqresiv3
surf_colored_challenge,1,N/A
surf_colors2_beta,3,N/A
surf_colors_beta1,2,N/A
surf_colors_final,2,N/A
surf_color_njv,4,Collaboration
surf_colours,2,Zombiesquatch
surf_colum,1,JohnnyOuh
surf_colum_2,1,Wiuuuh
surf_colum_again,1,Wiuuuh
surf_colum_up,1,FörsterPvP
surf_commune_again_beta5,3,Unknown
surf_commune_beta11,3,Unknown
surf_commune_too_beta5,3,Collaboration
surf_compact,4,Billy
surf_compulsive_h,3,razEr
surf_compulsive_njv_fix,3,RazerSurf
surf_concept_njv,3,Grueddi
surf_concreteideas,2,SmileyTopin
surf_concretejungle_fix,4,PretzL & Hesuka
surf_concrete_workshop,1,N/A
surf_conserve,5,Wackywallaby
surf_consistenza_diversa,4,Wakthor Thorwak
surf_constrictor_remix,3,Sid
surf_construction,4,CopyMark
surf_cookiejar,3,Kiiru
surf_coralis_ksf,2,Escencia
surf_cordelia,4,RazerSurf
surf_core_fix,5,Collaboration
surf_corner,2,Slickytail
surf_corporal,1,Yyoda
surf_corruption,8,Oli
surf_cosmic,3,TheCosmicWolf
surf_cosmo,3,Rathe
surf_cosmo_workshop,3,Storzenbecher
surf_cozy,4,Mr. Cow
surf_crackdesert_evo2,3,Housegamer
surf_crajjie,1,N/A
surf_creation,3,Collaboration
surf_crimson,6,Geoff
surf_crownroyal,2,a-ha!
surf_crush,5,Xtra_Festive
surf_crush2,6,Xtra
surf_crystal,3,Copy-Mark
surf_crzyfrog_reloaded_fix,1,JackTheStripper
surf_cubic,3,Scaz.zaf
surf_curan,1,Zeta
surf_curious,4,Lightning
surf_cyanide_njv,3,Diealready
surf_cyberwave_fix,2,Mr. Cow
surf_cyka_ksf,3,Umg_
surf_damn,5,Biji
surf_damnub2,1,DamNub
surf_dank,2,:D
surf_dark_v1,1,Jackmister
surf_dawn,1,Mashau
surf_deadline,2,House
surf_deathstar,1,Downycat
surf_death_of_a_martian,5,Gorange_Ninja
surf_deceptive_final,3,razEr
surf_decked,2,N/A
surf_deeper,2,Sjup
surf_deeznuts,1,Trout
surf_defectum,3,N/A
surf_delight_go,2,Aqresiv3
surf_delta,5,Sense & krealington
surf_delusional,2,SKAR
surf_deoa,1,Deod
surf_deod_beta,1,Deod
surf_deprecation,3,not_a_zombie
surf_depressing,4,Serz
surf_depths,4,Streebree
surf_deroland_neon_final,3,Baldur
surf_derpis_h_fix,4,Diealready
surf_derpis_ksf,1,Diealready
surf_deserted_njv,3,.:PROTOTYPE:.
surf_desert_final,3,N/A
surf_desolate,4,Juxtapo
surf_despair_x14,1,N/A
surf_destiny_fixed,3,Codowner
surf_detroit,1,Stratus1G
surf_developer_begginer,1,Skymaster
surf_devil,7,Collaboration
surf_dhyana,4,^smiley
surf_diamond_beta1,5,Raptor 
surf_diar,2,N/A
surf_digital[g]beta_fixed,1,X-shark
surf_diminsion,4,MonkeyWithAGun
surf_dinwod,1,Dinwod356
surf_dionysus,5,LightninG 
surf_disaster,6,Mr.25
surf_discovery_njv,5,Billy
surf_disco_extreme,3,N/A
surf_disneyland,5,Collaboration
surf_distraction_v2,3,Sacred
surf_diverge,3,Kiiru
surf_divided_nsf,4,Skyppy
surf_dogs,1,N/A
surf_domain,2,Sid
surf_doodles_njv,3,Doodles
surf_dova,5,Hork
surf_dragon,2,yoghurt
surf_drain,4,Jaden
surf_dread,3,Mr. Mackey
surf_dream,1,Mumble98
surf_dreams,4,Shynex/Vay
surf_drifting_go,4,murglegurgle
surf_driftless_go,3,murglegurgle
surf_drift_go,5,murglegurgle
surf_drugs_csgo,3,Bonjorno7
surf_duggywuggy,2,Douglas Rattman
surf_dusk,3,Mr. Cow
surf_dynamics_fixed,5,Blaine
surf_dynasty,2,Scaz.zaf
surf_easier_than_easy,1,N/A
surf_easiest_map_ever,1,Phatboyjawsh
surf_easy,1,N/A
surf_easy1,1,KristiánP
surf_easy2,1,KristiánP
surf_easymap,1,N/A
surf_ebob4,1,Zhelle & Bombu1V9
surf_ebony,3,Big Sid
surf_eclipse_fix,2,Paper-Cut
surf_ecosystem,3,Silverlol
surf_edge,5,fr3shz
surf_efficacy_rg,4,MvRouC12
surf_eggplant,2,HammY
surf_egypt2,1,Mariowned
surf_egypt_csgo,1,Umg_
surf_eldritch,2,a-ha!
surf_elements_beta3_fix,3,Ryan S
surf_elites_v2,2,Svbg869
surf_elites_v2_fix,1,Svbg869
surf_elsurfo,1,N/A
surf_elysium,5,Sacred
surf_elysium2,5,Sacred
surf_elysium3,5,Sacred
surf_elysium4,5,Sacred
surf_ember2,4,Hardex
surf_ember_sns,3,SKAR
surf_endurci,3,Oui
surf_enlightened,1,Benchmarked
surf_entropy_finalv2,4,Gorgeous Gentleman
surf_entropy_hardmode,5,Gorgeous Gentleman
surf_eon,5,Sense
surf_epic,3,Compact
surf_epicube_ksf,3,Rippey
surf_epiphany,6,krealington
surf_epithet,3,BlueRaven
surf_eryr,4,RNC1839
surf_eryr2,5,RNC1839
surf_escape_final,1,HammY
surf_essentia,6,TopHATTwaffle
surf_eternal_beta,4,Panzer
surf_ethereal,2,Collaboration
surf_eunoia,3,krealington
surf_euphoria,5,Billy
surf_eventide,1,Mariowned
surf_exclave,4,Malt
surf_execute,3,Vivio
surf_exile_njv,6,Pyanih Ezhik
surf_exland,3,Bontar0
surf_exocube,2,Pyanih Ezhik
surf_exocube_e,2,Pyanih Ezhik
surf_exocube_h,5,Pyanih Ezhik
surf_exogenesis,3,Pyanih Ezhik
surf_explorer,4,Noobre
surf_extremex,3,Tioga060
surf_extremex2_5_njv,5,Tioga060
surf_extrodinaire,2,Hiphopopotomus
surf_exurbia_v2,2,ArcticPanda
surf_exxak,3,Nemix
surf_exxe,4,Exxelence
surf_ez,2,Entonic
surf_ez3,3,Waj
surf_ezclap,3,Sjom7e
surf_ezpz_fifiedition,2,N/A
surf_ezpz_GFL,1,N/A
surf_ezpz_syntax,1,lmaosyntax
surf_ezsurf,1,N/A
surf_ez_surf_2,2,N/A
surf_fabas,4,MaKo & Roxy
surf_faceless,2,DownyCat
surf_facility,4,krealington
surf_fade,2,FriendlyChemist
surf_faint_fix,3,Kippe
surf_fantasy,3,Maz64
surf_fast,3,Panzer
surf_fathom,3,N/A
surf_feudal,6,Mrdeadguy34
surf_fever,5,N/A
surf_fiellu,3,Kahvo
surf_fightems,1,Cobblestoned
surf_fijy,1,Fijy
surf_finesse_final,4,Collaboration
surf_fire_eye,4,Recoil
surf_first,1,Wiuuuh
surf_fish_njv,1,GamÂ£m0nKÂ£Y
surf_flamingo,2,I_ken
surf_flappybird,5,SyFo
surf_flatliners,3,Aux
surf_flipv2_go,2,Flip
surf_flixy,2,N/A
surf_flow,2,Koga73
surf_flow_a,1,Koga73
surf_flyingcastle_fixv2,2,N/A
surf_flyin_fortress,3,HellRaisedSurfer
surf_fomsey,1,N/A
surf_forbidden_swag,3,Umg_
surf_forbidden_tomb,4,Rapsodia
surf_forbidden_tomb2,4,Rapsodia
surf_forbidden_tomb2_njv,4,Rapsodia
surf_forbidden_tomb3,4,Rapsodia
surf_forbidden_tomb4_njv,4,Rapsodia
surf_forbidden_tomb_sns,3,RiddlerAJ
surf_forbidden_ways_ksf,1,Krusty
surf_ford,3,Natanskybudder8
surf_forgotten,1,Biji
surf_forgotten_fix,1,Biji
surf_forkentofixplz,3,N/A
surf_fornax,1,iNooVa
surf_fortress,4,Collaboration
surf_fortum,2,Collaboration
surf_for_all,2,Enjooi
surf_for_noob,2,NoxXious
surf_four_elements,3,^Dede
surf_fractal,3,Kingkurtis
surf_freaky_njv,4,Freaky456
surf_freedom,4,notSmashed
surf_frequency_njv,3,NoPro
surf_frey,2,KappaEliitti
surf_frey2_go_fix,3,KappaEliitti
surf_frey2_ksfgo,3,KappaEliitti
surf_frey_remake_go,2,KappaEliitti
surf_friday,3,iamsupaman
surf_froots_ksf,3,Collaboration
surf_frost,1,Xtra_Festive
surf_froyo,3,Co1or
surf_fruits2,3,Collaboration
surf_fruits_fix,2,Collaboration
surf_frus,4,Kozaa
surf_frustration,5,SONICSOUR
surf_fs,4,N/A
surf_fuckyou,4,Wayne3288
surf_fun,1,GroundSnake
surf_fungus,4,MaKo
surf_funhouse2,2,KrakenDaddy
surf_funhouse_fix,1,[UDel]Steve
surf_furios,2,Chefkochmaps
surf_fusion_final,1,Semikiller
surf_fusubi,2,Bontar0
surf_gaap,2,N/A
surf_galactic_zts,2,Downycat
surf_garden_go,1,Big Sid
surf_garden_h_go,5,Big Sid
surf_gauntlet_final,3,HellRaisedSurfer
surf_gc_liberdade,2,N/A
surf_gekar,4,caaz
surf_gekyume_circumcision,1,a-ha!
surf_generic,2,Bicuits
surf_germania,5,Collaboration
surf_gettingharder,6,das_d!
surf_gforce,2,N/A
surf_ghost_busters,4,Collaboration
surf_giantmap,1,N/A
surf_gisela_eich,6,N/A
surf_glamour,3,Hergs
surf_glass10,2,Exfib0
surf_glass20,2,Swaaaaag
surf_glass5,4,Smileytopin
surf_glass7,2,Smileytopin
surf_glass9,2,Smileytopin
surf_gleam,2,TruMatrix
surf_gleam2,2,TruMatrix
surf_glitch-shortversion,2,DragonHeart000
surf_globalchaos,2,LiNus
surf_gloomy,6,krakenDaddy
surf_gloom_njv,2,Ryan S
surf_glorious,4,MrCloudyMan
surf_glw,2,Glow_er
surf_goat_fix,4,Xtra_Festive
surf_gold1,2,Kaneejn
surf_goldarn,4,FalseLogic
surf_golden_fix,2,Koga73
surf_goliath,7,Hardex
surf_goodbye2,3,Hulda
surf_gradient,2,Hippy
surf_graphia,3,Target Practice
surf_grassland,2,XShark
surf_grayscale,1,64mb
surf_greenbrick,2,TempSo
surf_greenday,2,Gere
surf_greenhouse,4,Sagan
surf_greensway,2,NvC_DmN_CH
surf_grid,5,Gorange Ninja
surf_grotta,3,Forki
surf_grotto,3,Xtra_Festive
surf_grunz,2,Natanskybudder8
surf_gudrun,3,SkariZ^
surf_guitar_hi,2,Masog
surf_gurus_njv,5,Collaboration
surf_hades,6,ArcticPanda
surf_hades2,6,ArcticPanda
surf_half_baked,2,^smiley
surf_halloween,4,Collaboration
surf_halloween_tf,2,Egan
surf_happyhands,2,Kiiru
surf_happyhands2,3,Kiiru
surf_happyhands3,3,Kiiru
surf_happyhands4,3,Kiiru
surf_happyhands5,3,Kiiru
surf_happyhands_test,2,Kiiru
surf_happyhug,4,Collaboration
surf_harmony,2,PrisonNightmare
surf_hat,1,Dexter
surf_havaku_b1,3,SenseiFin
surf_haze,2,npb
surf_healthy_e,3,Collaboration
surf_hearth_fix,2,GoZynth
surf_heaven,3,Collaboration
surf_heftig,1,Turbo
surf_hekkz,2,Midahekki
surf_hektik,4,Fizu
surf_helium_v2_rg,3,Waffleburger
surf_helloworld,5,Fatfuk
surf_hentai,3,iiTzSheooo & ziomekYOYO
surf_hero,1,N/A
surf_hero_go,5,Biji
surf_het,1,SkariZ^
surf_highlands,5,ArcticPanda
surf_hilirium_2017,4,N/A
surf_hob,3,Syncronyze
surf_hobo,2,JumpingHobo3
surf_holiday_fix,2,iNooVa
surf_hollow,5,Vampiricx & Xtra_Festive
surf_honker_rg,4,Tick-Tock
surf_hope,5,Collaboration
surf_hopi_caged_v1,6,Cpt. Hopi
surf_hopi_easy,3,Cpt. Hopi
surf_hopi_gradient_v1,5,Cpt. Hopi
surf_horizon_njv,1,Kompile
surf_hotrod,2,FriendlyChemist
surf_hotrod_beta,2,FriendlyChemist
surf_hotwheels,2,Hardex
surf_hourglass,1,Masog
surf_how2surf,1,Masog
surf_hoy,1,Addio
surf_hoy_crazyideas,3,Addio
surf_hoy_someideas,2,Addio
surf_huntworking,2,N/A
surf_hunty,4,Rex
surf_hurrr,2,SKAR
surf_hydrogen_v2,5,"Waffleburger, Knife, & Icecreaml"
surf_hyper,4,Helix
surf_iamsupaman_beta1,2,Iamsupaman
surf_icetest,3,Ice & 2CAN
surf_iceworld,3,Ins
surf_idn,3,iodaN^
surf_illumination,4,Doink Face
surf_illumination2,4,Doink Face
surf_illusory,3,N/A
surf_illusion,2,"Juxtapo, Syncronyze, maz & Phuri"
surf_imagine_fix,3,THAY-imagine
surf_imex_njv,3,Junior
surf_iminyourbasement,2,Buffer
surf_immortal_01,2,N/A
surf_immortal_02,2,N/A
surf_impact_njv,3,Sangre
surf_impact_tnn,2,ItzGallows
surf_industries_njv,4,Razersurf
surf_infamous_ksf,5,Collaboration
surf_infected_h,5,Hulda
surf_infected_njv,5,Hulda
surf_inferno,4,Syko_
surf_ing_njv,2,RambJoe
surf_inhuman,4,Noztic
surf_injection_njv,4,Exither
surf_injustice,1,Presumed Dead
surf_inner,3,Klemix
surf_innokia,5,Hesuka
surf_inrage,3,Ch!ll3r
surf_inrage2,4,Ch!ll3r
surf_insanity,3,N/A
surf_insanity2,1,N/A
surf_insideout_final,3,Enjooi
surf_insignia_b1,4,LiNus
surf_inspire,2,Ins
surf_intense,4,Essence
surf_interceptor,4,Razersurf
surf_interference_csgo,2,NvC_DmN_CH
surf_intothewild,2,Koga73
surf_intra,4,Maz64
surf_in_space_go,2,KappaEliitti
surf_in_the_dark,2,Drk_KZG
surf_iridium,1,N/A
surf_island,2,Scaz.zaf
surf_itcannotbeeasier,1,PaiN
surf_it_straight,2,♥stxphxn♥
surf_ivo,1,xVivio
surf_ivory,2,Sid
surf_ixtab_njv,4,Sacred
surf_izded,5,Mr.25
surf_jail_go,1,Murglegurgle
surf_jakdum,2,JathOsh
surf_jaqen,3,Hardex
surf_jaqen2,3,Hardex
surf_jash440,1,Jash440
surf_jeff,3,Garanimal
surf_jenocide,3,Jongent123
surf_jizznipples,4,N/A
surf_joshog_final,3,King of the Bananas
surf_journeys_final,2,razersurf
surf_juhis,3,Juhis
surf_jumble,6,Xtra_Festive
surf_jump,1,N/A
surf_junglespic_ksf,4,Juxtapo
surf_jusched,6,notSmashed
surf_juturna,2,ashm0re
surf_juturna_easy,1,ashm0re
surf_kaboom,3,D- Pickles
surf_kairo,5,PretzL
surf_kaladin,1,F1nister
surf_kalium,5,N/A
surf_kalium2,5,Helix
surf_katyna_a,3,N/A
surf_kawaii,3,Nikki Nueva
surf_kepler,1,FriendlyChemist
surf_kimetrik,3,Lovhon
surf_kinetic,4,Mumble98
surf_kingdom_v1,1,N/A
surf_kinshi,2,Seenko
surf_kitsune,1,Arblarg
surf_kitsune2_beta,3,Arblarg
surf_kitsune2_GO,3,Arblarg
surf_kitsune_nb,1,Arblarg
surf_kloakk,2,PretzL
surf_klue,2,Klemix
surf_koa,4,TeMP
surf_korn,2,Payn
surf_krow10,2,Exither
surf_kuaga,1,N/A
surf_kultur,6,Sonia
surf_kyuubi,2,Kyuubi
surf_kz_mix_journeys,2,SoUlFaThEr
surf_kz_protraining,3,SoUlFaThEr
surf_lab,4,TECH
surf_lament_njv,2,God Damnit Nappa
surf_lamppost,1,Incredirocks
surf_larry,7,N/A
surf_lavaflow,2,Kiiru
surf_lax_fix,4,Krealington
surf_leafy,1,Sugartitty
surf_lechumap,3,Fran
surf_leesriize,3,Leesriize
surf_leet_xl_beta7z,1,N/A
surf_leet_xl_r12,1,N/A
surf_legendary,5,Collaboration
surf_legends,2,SintaxError
surf_legends_lite,1,SintaxError
surf_lepidus,4,Tilt
surf_lesa,2,N/A
surf_lessons,2,Helix
surf_lianfora,2,Ins
surf_liberation,3,MachINE
surf_liberation2,3,MachINE
surf_libya,3,b0at
surf_lies,3,Umg_
surf_lies_ksf,3,Umg_
surf_life_of_cow,4,Krealington
surf_life_of_doc,1,SKAR
surf_life_of_duck,1,SKAR
surf_life_of_duck_go,1,SKAR
surf_lighrust_easy,2,Sheogorath
surf_lighthouse,3,Ins
surf_lightstones_light,2,NOiDeasStudio
surf_like_this,3,Koga73
surf_lilorm,1,N/A
surf_limbo_go,4,murglegurgle
surf_linear5,4,N/A
surf_liopleurodon2,1,Magical Liopleurodon
surf_liopleurodon_final,3,Magical Liopleurodon
surf_lithium,3,Copy-Mark
surf_lithium2,4,Copy-Mark
surf_lockdown,2,Pedroknz
surf_loentra,5,Ins
surf_loentra_easy,3,Ins
surf_lolrevlis,5,Silverlol
surf_lolrevlis2,4,Silverlol
surf_lolwhut,4,CyaN1de^
surf_lonnaly,1,LonnaKinns
surf_looksmodern,6,Tioga060
surf_lore_e,2,Target Practice
surf_lore_fix,2,Target Practice
surf_lost,3,Flux
surf_lost2,3,Flux
surf_love,4,Collaboration
surf_loveland,2,♥stxphxn♥
surf_loves_spliff,1,[frank.]
surf_lovetunnel,1,Maz64
surf_lovhon,2,Lovhon
surf_loweffort,4,Vay
surf_low_production,3,Mr. Cow
surf_lowestbidder,4,N/A
surf_lo_tek,2,Axel
surf_lt_omnific_fix,6,Nyro
surf_lt_unicorn_official,4,Nyro
surf_lullaby_ksf,1,God Damnit Nappa
surf_lullaby_redone_njv,2,Wiuuuh
surf_luminaris,3,KappaEliitti
surf_lush,3,Rathe
surf_lux,1,SSStormy
surf_luxus_csgo,1,Luxus
surf_mackful,1,VenusOG
surf_magic,1,N/A
surf_magma,2,daddy oSee
surf_maip_4_beta1,1,N/A
surf_major_dark,2,N/A
surf_mao,2,Mibes
surf_map,5,Pand3mic
surf_map_h,6,Pand3mic
surf_marah,5,Flaudgin
surf_marbleblast_e,2,BlueRaven
surf_marble_first,2,Zatura24
surf_marton,1,Martons
surf_mash-up,3,Collaboration
surf_masonry,4,Mr. Cow
surf_master,1,Xzippyzachx
surf_master2,1,Xzippyzachx
surf_mastering,2,Jurandir
surf_mate,2,Edy
surf_maxcant,1,Pablo
surf_mdrn,5,Syncronyze
surf_me,2,Not_a_zombie
surf_megaeasy,1,DotzGOD
surf_mejai,3,4Shot Fanboy
surf_mellow,2,Rezonate
surf_meme,3,Collaboration
surf_memoria,2,Thursday
surf_memories,4,Chrissybear
surf_mephobia_final,4,Yeri
surf_meridional,3,N/A
surf_mesa,1,Arblarg
surf_mesa_aether_fix,3,Arblarg
surf_mesa_fix,1,Arblarg
surf_mesa_mine_fix,2,Arblarg
surf_mesa_revo_go,1,Arblarg
surf_mestro_ez,1,N/A
surf_metallic,5,Mr. Cow
surf_metalwall,4,Hulda
surf_methadone,3,Ins
surf_method,3,N/A
surf_methone,3,Methone & Natanskybudder8
surf_midsommar,3,Granis
surf_milkyway,4,Mr. Cow
surf_minecraft,5,b0at
surf_minecraft_2016_final,2,MaverickBg
surf_minecraft_2020_fix,2,Koga73
surf_minesport,2,Ale
surf_minigolf,3,Xbmann
surf_minimumwage,3,Serz
surf_minuet_njv,1,God Damnit Nappa
surf_miracle,3,Mazzo
surf_mirrors,3,Juhis
surf_misc,5,FreakOut
surf_mislorm,1,N/A
surf_missing_no,3,Ryan S.
surf_misty,2,FIREK
surf_mjk,2,Gladeare
surf_mokuzai,4,Oscar
surf_molstration,3,Lody
surf_mom,1,Xtra_Festive
surf_mom_fix,1,Xtra_Festive
surf_monochrome,3,Minimalis
surf_monolith,5,Gorange Ninja
surf_monotony,4,Collaboration
surf_monsterguts,4,Papa Panda Yo!
surf_moonkingdom,2,JD!
surf_morbid,3,Sacred
surf_motion1,6,Masog
surf_motion1_easy,4,Masog
surf_mudkip_fix,4,RNC1839
surf_murmenia1stage1test,1,Murmen
surf_mushroom_ksf,4,Chefkochmaps
surf_mwag_reloaded,3,Monkeywithagun
surf_mynah_final,3,Nikki Nueva
surf_my_shit,2,APirateTurtle
surf_nac,3,Big Blue
surf_nascent_csgo,4,Whimsy
surf_natura,2,Crystal
surf_nature,2,Jemix
surf_nebula,2,iNooVa
surf_nemesis,4,Sacred
surf_neon2,3,N/A
surf_neon_beta,2,N/A
surf_neon_final,2,Ch1!!3r
surf_neoplasma,4,Kujoen
surf_neoteric,4,Sam
surf_neo_njv,2,N/A
surf_neptune,5,N/A
surf_nesquik,5,Sam
surf_networked,3,Ryan S.
surf_network_2008_final,2,Ryan S
surf_network_2009_njv,3,Ryan S
surf_network_2013,3,Ryan S
surf_new,2,Horizon
surf_newbie,2,NOiDeasStudio & Sheogorath
surf_newb_hazard_r1,2,N/A
surf_nexus,2,N/A
surf_neyon,1,Mike
surf_night,1,Magical Liopleurodon
surf_nightmare,5,Collaboration
surf_nikolo,4,Lucky Charms
surf_ninja_go_b5,1,Drunken Ninja & Mario
surf_ninja_r4,1,Drunken Ninja & Mario
surf_nitro,2,xRyanNitro
surf_noble_csgo,3,ArcticPanda
surf_nocolors,1,N/A
surf_nocturns_hopeless,3,Lownine^
surf_nocturns_queen,3,Lownine^
surf_nostromo_csgo,5,Horsefeathers
surf_nothing,3,N/A
surf_not_on,2,N/A
surf_not_so_beginner,2,WALL-E
surf_not_so_disaster,2,Mr.25
surf_not_so_hentai,2,A-ha!
surf_not_so_neb,1,JD!
surf_not_so_quick,4,Sam
surf_not_so_sinister,3,RambJoe
surf_not_so_zen_fix,6,Mr.25
surf_nova,2,KappaEliitti
surf_noworth,1,Gttotchh
surf_numbers,5,Gorange Ninja
surf_numbers2,4,Granis
surf_nyx,1,Syncronyze
surf_nyze,5,Syncronyze
surf_ny_advance_nsf_v2,3,FAJ
surf_ny_aerial,3,N/A
surf_ny_momentum2_ksf,3,FAJ
surf_ny_momentum_v3_1,1,FAJ
surf_ny_platinum,2,FAJ
surf_ny_superhappiest_b3,1,FAJ
surf_n_bhop_beta1,4,N/A
surf_n_turf,1,ApeXe
surf_oasis,2,Phurix
surf_occur,3,Xtra_Festive
surf_oddworld,4,Exxe
surf_odyssey,2,RiddlerAJ
surf_oejz_v2,3,Ale
surf_offskill,7,KappaEliitti
surf_olympics,3,THAY-imagine
surf_olympus,2,FriendlyChemist
surf_oma,2,Creatin
surf_omnibus,3,SKAR
surf_oompa2,4,Lody
surf_oompa_loompa,4,CNCP
surf_opus,2,Oui
surf_orangewood,4,HannibalBy
surf_orbion,4,Collaboration
surf_organs,1,Incredirocks
surf_original,6,Wayne3288
surf_orion,1,N/A
surf_ori_l,3,Stats33
surf_orthodox_fix,2,ArcticPanda
surf_our,5,not_a_zombie
surf_overflight,2,Kirillins-
surf_overgrowth,4,Fission
surf_overgrowth2,5,Fission
surf_paddy,2,Hardex
surf_pagoda,3,PretzL
surf_palace,2,N/A
surf_palais,2,Xtra_Festive
surf_palette_v2,4,Bravesurf
surf_palikka_fix,3,N/A
surf_palm,2,Xtra_Festive
surf_pancake,4,Hardex
surf_pandemonium_njv,4,Collaboration
surf_pandora,2,Sonia
surf_panono,2,Watri
surf_pantheon,1,Garanimal
surf_pantheon_beta,1,Garanimal
surf_papertown,3,Sam
surf_parachutes,4,ApeXe
surf_paradigm,4,Pyllytonttu
surf_paradise,2,Wiuuuh
surf_paranoid_enigma,3,Paragon
surf_parc_colore,3,Exither
surf_parrot_selector,3,Ptad
surf_pastel,3,G O O S
surf_pathfinder,2,Xtra_Festive
surf_pavilion,3,Black Sheep
surf_peg_save38,2,N/A
surf_peg_save38_fix,1,N/A
surf_perennial,1,Granis 
surf_perforated_restored,4,Matteman
surf_performance,2,Konstantinov
surf_peruna,2,Microwave
surf_petrus,3,iNooVa
surf_petrus2,5,iNooVa
surf_phantoml0rd_beta,3,Tioga060
surf_phuli,1,Yush
surf_physics,2,ColdAnimation
surf_piano,2,ZiomekYOYO
surf_pinkbash,2,Vay
surf_pinkcubes_fix,2,YajiGod
surf_pinkpiggy,2,N/A
surf_pj_training1,2,Cirno
surf_pj_training2,2,Cirno
surf_placid,3,Enjooi
surf_plaguelands_beta7a,3,Ryan S.
surf_plaster,2,Tree
surf_plastered,1,Toilet
surf_platinum,1,FriendlyChemist
surf_platypus,2,Platypushunter
surf_plethora_fix,3,THAY-imagine
surf_pls,6,Biji
surf_pocari,1,Kingkurtis
surf_pogomogo_b3,3,N/A
surf_poke_b9,2,N/A
surf_polonia,5,Collaboration
surf_polski_sklep,1,Crystal
surf_polygon,4,Diealready
surf_polytron,5,Develo
surf_porn_fix,3,Monkeywithagun
surf_portal_easy_beta1,2,Kotton
surf_portal_game4,3,N/A
surf_potato,1,Moth
surf_pox,1,Krusty
surf_pox_revamp,1,Bocuma
surf_prelude_ksf,1,God Damnit Nappa
surf_premium,2,Maz64
surf_presmon_fix,2,Arroba
surf_primero_njv,5,Zee
surf_prime_time_r3vamp,1,ZaLoS
surf_princess,3,Kuiq
surf_progress,2,"Sam, Xtra_Festive"
surf_proliferation,4,Krealington
surf_prolix,4,T3tra
surf_prosaic_njv,3,T3tra
surf_prosperity_v2,4,Fuddy
surf_prosperous,2,Fuddy
surf_proximity_final,3,Pand3mic
surf_psi,3,Waffleburger
surf_psi_fixed,3,Waffleburger
surf_psychedelia,3,Sid
surf_psycho_njv,2,HellRaisedSurfer
surf_purdy,2,Somber
surf_pure,4,N/A
surf_purgatory,3,THAY-imagine
surf_pyllyt1,2,TyöstöKärry
surf_pyrism_njv,6,NotSmashed
surf_pyzire,4,TaiKii
surf_qlimax_q,5,Helix
surf_quantum_njv,2,Sangre
surf_quarantine,4,Collaboration
surf_quark_rc,2,N/A
surf_quartus_ksf,4,Juxtapo
surf_quasar_njv,4,Rapsodia
surf_quattro,3,N/A
surf_queen_of_the_ween,3,Otter
surf_quickie,3,Sam
surf_quilavar,3,Helix
surf_radiation_hazard,2,WarrioR^^
surf_ragequit,4,Kiiru
surf_ragu,1,Raafje
surf_raidboss_beta2,3,Kotton
surf_rainbow,2,Xenophenous
surf_rainbow_adventure,1,Astro & Kmart Team Member
surf_rampe,1,Activeed
surf_rands_njv,4,Monkeywithagun
surf_raphaello,7,Krealington
surf_rapid_njv,3,Ch!ll3
surf_raq,2,RAQ
surf_raq2,2,RAQ
surf_rat,2,Rathe
surf_ravine_go,2,FriendlyChemist
surf_razer_final,3,Compact
surf_reactor_go,3,Kujoen
surf_rebel_resistance_final4_swg,1,N/A
surf_rebel_resistance_njv,1,Arcangel845
surf_rebel_scaz_csgo,1,Scaz.zaf
surf_reblis_final,3,Crystal
surf_redemption_b1,4,Sangre
surf_reflex,2,Cthulu
surf_refraxis,3,ChiChiN
surf_remeanian,5,FPS God
surf_replicant,6,Spy Complex
surf_reprise,1,TeMP
surf_reprise_h,6,"TeMP, Arxxy, Bocuma"
surf_republeague,1,BRNDMORE
surf_research,2,Sacricx & Headshot
surf_resort,3,WALL-E
surf_resort_jk_fix,2,WALL-E
surf_resource,4,Biji
surf_restart,2,BOI
surf_retroartz,3,Razersurf
surf_retry,3,iodaN^
surf_reveal,1,Saigar
surf_revolution,5,Kahvo
surf_reytx,1,Xtra_Festive
surf_rez,2,Xbmann
surf_rez2,4,Xbmann
surf_rgb,4,Mrdeadguy34
surf_ridge_tweets,1,Andrew
surf_ripper,3,JackTheStripper
surf_riva,2,R1vaa
surf_road,1,Chmilk
surf_road_to_hell,1,SkariZ^
surf_rocco,2,FPS God
surf_rocco_v2,2,FPS God
surf_rolly,4,Klemix_RU
surf_roman,4,Horsefeathers
surf_rooftopsedge,2,Kingkurtis
surf_rooftopsv2,1,Koga73
surf_rookie2,1,Wiuuuh
surf_rookie_fix,1,Kiiru
surf_roomservice,2,GUINN355
surf_roomservice_2,2,GUINN355
surf_roomservice_3,3,GUINN355
surf_rope,2,Nitropath
surf_royal,6,Synx
surf_royal_ez,5,N/A
surf_rst,4,Synx
surf_rstar,4,COUNTERWEIGHT
surf_rtv_2,4,Ghost1648928
surf_rubiks_cube,4,juvee
surf_runewords,4,Biji
surf_runewords2,4,Biji
surf_runewords2_lod,4,Biji
surf_runner,1,Koga73
surf_rustic,5,Juxtapo
surf_rustic_v2,4,Juxtapo
surf_sacrifice,4,Spree
surf_salient,5,Collaboration
surf_salient2,6,Collaboration
surf_salvador,2,iNooVa
surf_salvation,5,Danger
surf_salvia,4,Pires
surf_sanctuary,2,Benchmarked
surf_sandbrick,3,"Vay, HypestaR"
surf_sanding,2,Compact
surf_sandman,5,Sandman
surf_sandman_v2,5,ArcticPanda
surf_sandsmile,2,★ Wingshot ★
surf_sandstorm2,3,ArcticPanda
surf_sandtrap,2,ArcticPanda
surf_sandtrap2,2,ArcticPanda
surf_sand_world,3,Marxes
surf_sanguine,3,Krealington
surf_sapiens,2,Legeshq
surf_satellite_fix,1,"Biji, iNooVa"
surf_saturday_fix,2,iamsupaman
surf_savant_njv,4,Collaboration
surf_saya,2,Kasumi ^3
surf_SA_gao_v1,1,#Fartshit
surf_scarlet,3,PrisonNightmare
surf_school_kzg,1,Sid
surf_schwifty,1,Googee 
surf_scientist,3,ApeXe
surf_sci_fi,3,Collaboration
surf_scorch_go,2,Ver
surf_scrub,2,Xen
surf_sc_colours,3,sC
surf_sc_essence_v2_njv,3,sC
surf_se7en,4,SONICSOUR
surf_seasons,1,N/A
surf_seasons_fixed,2,God Damnit Nappa
surf_seaworld_fix,2,Hulda
surf_secluded,5,PrisonNightmare
surf_second,3,Not_a_zombie
surf_selenka,5,DangerHSW
surf_semesterbreak_fix,2,Sam
surf_sempar_njv,3,Seme
surf_sensation,4,Billy & Sangre
surf_sensation_beta_v3,2,Kova
surf_sentient,3,TeMP
surf_sequoia,3,Maz64
surf_seraph,5,Cyber
surf_serenegarden,1,N/A
surf_serenity,3,Hardex
surf_serenity2,4,Hardex
surf_sewers,4,Monkeywithagun
surf_sexellence2,2,Florida Man
surf_sexplizooimed,4,Collaboration
surf_sexyartz_njv,4,Razersurf
surf_sh,3,Nano
surf_shady,2,Sanguine
surf_shady_h,4,Sanguine
surf_shambles,4,Nmroxy
surf_shit_v3,3,N/A
surf_shodan,6,Spy Complex
surf_shoria,4,Razersurf
surf_shrug2,4,Shizangle
surf_sideflick_v2,2,Oatneil
surf_simple_v1b,2,N/A
surf_simpsons_go_rc2,1,The-Goose
surf_simpsons_refix,1,The-Goose
surf_singletons_njv,1,AdamRH
surf_sinister2,6,Collaboration
surf_sinister_evil,6,RambJoe
surf_sinsane2_fix,7,Not_a_zombie
surf_sinsane_ez,3,Mbopferkuch
surf_sinsane_ksf,6,b0at
surf_sippysip,4,Syncronyze
surf_sirius,3,Granis
surf_si_fa,2,TempSo
surf_skeelee,1,Skeeleetraver
surf_sketchy,3,Gorange Ninja
surf_skill8,4,Monkeywithagun
surf_skill8_e,3,Monkeywithagun
surf_skill8_h,6,Monkeywithagun
surf_skill8_m,4,Monkeywithagun
surf_skipalot,2,EICHHOERNCHEN
surf_skyborn,2,Koga73
surf_skyfall_final,4,Exxe
surf_skyflow,5,ins-ane
surf_skyscrapers,1,Noobre
surf_sky_ages,3,Helix
surf_slob,2,Sam
surf_slob2,3,Sam
surf_slobs,3,Sam
surf_sluice2,4,Razersurf
surf_sluice_final,4,Razersurf
surf_smaragd,3,Collaboration
surf_smezone,1,Francastor
surf_smile_njv,3,Compact
surf_smule,1,Smule
surf_snowslide,2,JorisCeoen
surf_sodacity,1,Kingkurtis
surf_solace,6,Sam
surf_something_serious,3,Inverted Moongoat
surf_something_v1,2,Yvng Chester
surf_soothe,1,Ndoman3807
surf_sorbat,2,Kaliumsorbat
surf_southpark_refix,1,CrookedK3ANO
surf_spacejam,2,Juxtapo
surf_spaces,4,Cpt. Hopi
surf_spaceship_ksf,3,Darck
surf_spacewalk,1,N/A
surf_spectra,6,Hork
surf_spectre,2,Rathe
surf_spectrum_njv,3,SKAR
surf_spike,1,Granis
surf_spindrop,1,Olliembm
surf_spindrop_hard,3,Olliembm
surf_squarestyle,2,Jappedk
surf_squirrelsonvacation,1,EICHHOERNCHEN
surf_stagejuan_ksf,3,Inverted Moongoat
surf_standard,2,Axelelele
surf_starfire_csgo,2,Ver
surf_stargaze_csgo,3,Ver
surf_static,3,GodOwner
surf_stepbystep,1,N/A
surf_stick,3,M3rl1n
surf_stickybutt_alpha,4,Roosta & Panzer
surf_stitched,5,Masog
surf_stoneage,5,b0at
surf_stonework,4,Mr. Cow
surf_stonework2,4,Mr. Cow
surf_stonework3,5,Mr. Cow
surf_stonework4,6,Mr. Cow
surf_stonks,2,Hardex
surf_strafe,3,Masog
surf_strike,5,Spree
surf_subway,3,PretzL
surf_summer,2,Collaboration
surf_summit,1,Phurix
surf_sunday,3,iamsupaman
surf_sundown_njv,2,Skittl35
surf_sungam,1,N/A
surf_sunnyhappylove,2,Streebree
surf_sunset2,4,Exither
surf_sunset_njv,4,Exither
surf_sup,3,WALL-E
surf_superbia,1,Seynethic
surf_superbia_new,1,Seynethic
surf_superduperm80s,1,PowerfulBacon
surf_surfsup,1,N/A
surf_surprise,2,Wiuuuh
surf_swagtoast,4,WALL-E
surf_sylvan,3,Sagan
surf_symbiosis,4,Quensis
surf_synada,4,Hesuka
surf_syria,2,Razersurf
surf_syria_again,6,Razersurf
surf_systemlost_wr,1,N/A
surf_s_t_a_t_i_o_n,3,Collaboration
surf_tabasco,1,Rose
surf_take1,3,Monkeywithagun
surf_taq_njv,4,Monkeywithagun
surf_technique,5,Xtra_Festive
surf_teho_v1,3,Teho
surf_telstar,3,Kompile
surf_tempest,3,Hardex
surf_tempest2,3,Hardex
surf_temple_final,2,N/A
surf_tenacious,3,Meowie
surf_tendies,1,Granis
surf_tensile_njv,2,Diealready
surf_tensor,4,Superbike
surf_tentacion,3,Crossdesu
surf_tentacion_boo,3,Crossdesu
surf_tenzo,3,Doggo
surf_tequila,4,ApeXe
surf_test,1,N/A
surf_testerino,1,N/A
surf_thatsneat,3,Big Daddy
surf_the-hazard,2,N/A
surf_thembrium_sns,3,Razersurf
surf_theme,4,Phurix
surf_thesteve,5,Eichhörnchen
surf_the_distance,5,CollaborationA
surf_the_forest,2,Jez
surf_the_gloaming_rat,2,Roosta
surf_the_lost_city,2,N/A
surf_the_ofen,1,Ofen
surf_the_unexpected,3,Eichhörnchen
surf_the_web,2,Cuddly
surf_the_web_v2,3,Cuddly
surf_thicket,2,iNooVa
surf_thief_fix,2,N/A
surf_third4,2,Captain Haddock
surf_this_njv,4,Bravesurf
surf_this_time,2,Titty Sprinkles
surf_timber,2,Kinder
surf_timewarp,5,Tioga060
surf_tioga060,4,Tioga060
surf_togo,3,Jongent123
surf_tomb_redone,2,N/A
surf_toohard,3,N/A
surf_toot,3,Tooticans
surf_torque,3,Sangre
surf_torque2_njv,3,Sangre
surf_torrent_njv_fix,2,Egan
surf_total_beginners_beta,1,Gorange
surf_training,1,N/A
surf_trainingschool,1,N/A
surf_trance_ksf,1,UZY
surf_tranquil,2,PrisonNightmare
surf_tranquility,3,Young Pen Griffey
surf_transient,5,Collaboration
surf_trapped,5,ArcticPanda
surf_trapped2,4,ArcticPanda
surf_trash,1,Myldero
surf_treasurehunt_go,1,The Frying Dutch Pan
surf_treefort,5,Collaboration
surf_treespam,6,Pand3mic
surf_trial,1,N/A
surf_tricky_chaos,4,N/A
surf_triggered,4,Lody
surf_trihard,4,Sjom7e
surf_trinity,4,Der Geier
surf_trippy,2,Stealthgerbil
surf_tronia_njv,3,Sangre
surf_tronic_njv,5,Sangre
surf_tron_njv,3,PireS
surf_tropical,1,N/A
surf_trump_beta1,1,N/A
surf_trump_rc1,1,N/A
surf_truth,2,64mb
surf_tui_1,1,Tuitara
surf_tundra,5,Malt
surf_tundra_v2,4,Malt
surf_tunnel,1,Sjup
surf_turtle,1,Swaaaaag
surf_tuscany_go,2,Exxe
surf_tuxedo_csgo,4,Caksoso
surf_twilight,2,God Damnit Nappa
surf_two_colour,3,Maza51
surf_tycho,5,TaiKii
surf_ultimate,4,SpexiS
surf_ultimatum,3,Godowner
surf_underearth,2,Slasher/Hussa
surf_underneath,3,MOKKAMASTER
surf_underworld_go,4,Billy
surf_unknown,2,Gorange Ninja
surf_unnamed,2,Quark
surf_unraveled,3,Spy Complex
surf_unreal2,5,Hulda
surf_unreal_njv,5,Hulda
surf_unusual_njv,5,InC
surf_upryzingx,3,N/A
surf_urban,4,Gorange Ninja
surf_utopia_night,1,Koga73
surf_utopia_njv,1,Panzer
surf_utopia_v3,1,Panzer
surf_val,4,Val
surf_vale,4,Xtra_Festive
surf_vale2,3,Xtra_Festive
surf_vale_fotg,3,Xtra_Festive
surf_valpect,6,CRASHFORT
surf_van,1,Saigar
surf_vast,6,Krealington
surf_vdl_training,3,N/A
surf_vector_final,4,Lucky Charms
surf_vegetables,3,Collaboration
surf_velianglium,4,Konstantinov
surf_velocity_nsf,3,Collaboration
surf_vents,4,Forki
surf_verge,2,N/A
surf_vgaport_go,3,"Flip, YajiGod, Unknown"
surf_vienna,4,ApeXe
surf_violet,2,Zolfeca
surf_vitun_rotta,2,TyostoKarry
surf_volcanic,4,Spy Complex
surf_volvic,2,iNooVa
surf_wahey,4,Joeyy
surf_warped,4,EICHHOERNCHEN
surf_water-run_b5_fix,1,Mario & Nutz
surf_water-run_banjo_skill,1,Mario & Nutz
surf_waterworks,2,Skittl35
surf_wazor,4,Collaboration
surf_wew,1,Comrade Teammate
surf_wexo,1,N/A
surf_whiteout,2,Phurix
surf_whitewall,2,N/A
surf_whoknows,4,Malt
surf_whoknows2,4,Malt
surf_whoknows3,4,Malt
surf_whynot,6,Juvee
surf_wicked,3,Collaboration
surf_willy1,1,Saigar
surf_windrunner_final,1,Aust.Mon
surf_wisdom,3,Watti
surf_wizard,3,Biji
surf_wolf_final,1,Thebman8794
surf_woo,1,N/A
surf_woodhouse,1,Wingshot
surf_woodspec,1,Noxid
surf_wood_fix,1,Enjooi & System Error
surf_x,4,Helix
surf_x2_beta07,4,N/A
surf_xd,3,Granis
surf_xeno,2,Apergios
surf_xeno_v2_watermelon,2,Apergios
surf_xiv_blood,2,SmOoth123
surf_y,4,N/A
surf_yaaan,3,N/A
surf_yay,4,Hulda
surf_year3000,1,Archangel
surf_yeet,1,Twat
surf_yellow,3,M_Lama
surf_yiff,2,TheCosmicWolf
surf_your_way,3,SkyppySDK
surf_z,4,N/A
surf_zbig2,4,Collaboration
surf_zealand,2,XBMANN
surf_zeitgeist,3,Spy Complex
surf_zen,6,mr.25
surf_zen2,6,mr.25
surf_zenith,2,Sneakyyy
surf_zen_fix,6,mr.25
surf_zeonine_fix,4,Collaboration
surf_zion_njv,3,N/A
surf_zlash,1,shalz
surf_zoomathon,1,Sid
surf_zoomboys_csgo,3,Sid
surf_zor,2,pretzL
